id,first_name,last_name,street_address,city,state,zip
1,Laney,Quarrington,76 Sommers Junction,Tuscaloosa,Alabama,35405
2,Duky,Donizeau,706 Algoma Alley,New Orleans,Louisiana,70116
3,Goldy,Petriello,531 Talisman Avenue,Austin,Texas,78764
4,Verina,Egger,5190 Stoughton Lane,Oakland,California,94616
5,Evania,Reichartz,389 Packers Plaza,Sacramento,California,95813
6,Bear,Hancorn,3 Upham Hill,Las Vegas,Nevada,89178
7,Tamiko,Hullock,2 Daystar Alley,Charlotte,North Carolina,28210
8,Carolus,Stigers,46490 Twin Pines Terrace,Humble,Texas,77346
9,James,Dugue,4 Merchant Court,Houston,Texas,77015
10,Mart,Postin,75186 Mifflin Court,High Point,North Carolina,27264
11,Lacee,Kleinstub,05988 Havey Trail,Memphis,Tennessee,38131
12,Jasper,Consadine,421 Maple Wood Street,Apache Junction,Arizona,85219
13,Prince,Naile,374 Moland Terrace,Detroit,Michigan,48217
14,Stanislaw,Klimczak,5 Claremont Place,New York City,New York,10099
15,Jay,Allaway,963 Towne Plaza,Greensboro,North Carolina,27415
16,Linnell,Pinkerton,5472 Gale Pass,Annapolis,Maryland,21405
17,Danica,Lauridsen,97 Badeau Hill,Roanoke,Virginia,24034
18,Gaby,Buckell,98620 Russell Parkway,Indianapolis,Indiana,46266
19,Al,Keyhoe,97 Porter Center,Manassas,Virginia,22111
20,Stephanus,Alfonsini,875 Pankratz Center,Greensboro,North Carolina,27455
21,Emalee,Timlin,31 Bartelt Court,Young America,Minnesota,55557
22,Tedda,Moore,0043 Northridge Drive,Pasadena,California,91186
23,Morissa,Kohnen,692 Ryan Lane,Lima,Ohio,45807
24,Wilmar,Clutton,957 Katie Pass,Saint Louis,Missouri,63169
25,Arty,Biaggioni,33 Mifflin Street,Houston,Texas,77025
26,Ringo,Glander,84158 Schurz Trail,Orange,California,92668
27,Dara,Scarr,10567 Ramsey Trail,Fort Worth,Texas,76121
28,Cullie,Cullnean,0 Prairie Rose Court,Chattanooga,Tennessee,37416
29,Halette,Rizzone,1 Bunker Hill Hill,San Francisco,California,94154
30,Mallory,Solleme,75 Darwin Pass,Buffalo,New York,14233
31,Corinna,Seed,9594 Oxford Terrace,Cincinnati,Ohio,45228
32,Astra,Dadley,84 Cascade Park,Ridgely,Maryland,21684
33,Kain,Preskett,886 Talisman Circle,Orlando,Florida,32868
34,Cristian,Pollack,7 Vermont Center,Tacoma,Washington,98481
35,Colby,Bahike,2 Westerfield Junction,Huntington,West Virginia,25721
36,Randolph,Timmens,84 Gina Place,Phoenix,Arizona,85072
37,Addi,Arnull,5264 Miller Lane,Lake Worth,Florida,33462
38,Malvina,Saw,2 David Way,Lansing,Michigan,48912
39,Nanette,Siggs,590 Monterey Way,San Antonio,Texas,78210
40,Jania,Tordoff,593 Walton Park,Durham,North Carolina,27710
41,Iain,Eatock,05997 Eagle Crest Hill,Stockton,California,95210
42,Whitney,Felgat,0 Spohn Alley,Fort Wayne,Indiana,46825
43,Drud,Boise,7178 Vernon Terrace,Wilkes Barre,Pennsylvania,18768
44,Travus,Lanyon,79364 Marquette Park,Montgomery,Alabama,36104
45,Weidar,Hands,9 Fuller Way,Olympia,Washington,98506
46,Sandra,Micklewright,9059 Mallard Lane,Boise,Idaho,83716
47,Odelle,Dearnley,8 International Road,New Hyde Park,New York,11044
48,Raymund,Colleck,29646 Old Gate Drive,Columbia,Missouri,65211
49,Roberto,Foran,9618 Johnson Hill,Galveston,Texas,77554
50,Gaultiero,Rosenstiel,17092 Warrior Crossing,Austin,Texas,78759
51,Allyn,McGinley,6505 Wayridge Drive,Columbia,South Carolina,29240
52,Curtis,Hoyt,1951 Green Ridge Hill,Houston,Texas,77020
53,Elmira,Doret,51 Hallows Drive,Knoxville,Tennessee,37919
54,Boony,Luter,64 Jackson Circle,North Little Rock,Arkansas,72118
55,Dag,Edward,18470 Superior Junction,Hialeah,Florida,33018
56,Fayina,Goss,3306 Clyde Gallagher Junction,Nashville,Tennessee,37220
57,Mattie,Ramsbottom,8481 Lakewood Gardens Avenue,Charleston,South Carolina,29424
58,Dosi,Mendoza,971 Karstens Place,New York City,New York,10039
59,Penelopa,Lammers,656 Anniversary Road,Baltimore,Maryland,21281
60,Jaquelin,Sudron,1837 Vermont Plaza,Virginia Beach,Virginia,23459
61,Elsi,Sargant,80310 Center Street,New York City,New York,10165
62,Theadora,Loveman,748 Marquette Street,Miami,Florida,33190
63,Galven,Dulake,0353 Cottonwood Crossing,Tulsa,Oklahoma,74126
64,Shannan,Garstang,4 Drewry Junction,Mobile,Alabama,36689
65,Nelle,Staveley,6 Oneill Hill,Escondido,California,92030
66,Fayre,Ethridge,6077 Bayside Avenue,Columbus,Georgia,31914
67,Latia,Canellas,957 Memorial Circle,Arlington,Texas,76096
68,Dick,Growden,772 Ruskin Circle,Whittier,California,90605
69,Lanie,Fuentes,8 Emmet Pass,Buffalo,New York,14233
70,Shelby,Probey,00 Pond Place,Albany,New York,12227
71,Stephen,Hassewell,3027 Darwin Street,Cincinnati,Ohio,45228
72,Audrye,Maroney,24730 Duke Circle,El Paso,Texas,88530
73,Caryn,Altimas,14716 Katie Way,Oakland,California,94622
74,Linnie,Vase,2 Westend Road,Greensboro,North Carolina,27415
75,Michaeline,Capp,35 Manitowish Circle,Alexandria,Virginia,22301
76,Caroline,Agnolo,150 Fisk Pass,Shawnee Mission,Kansas,66210
77,Margarethe,Sackett,31 Mockingbird Lane,Reading,Pennsylvania,19610
78,Maryjo,Peltzer,30 Maple Wood Center,Amarillo,Texas,79118
79,Ronnica,Haken,2704 Chive Avenue,Raleigh,North Carolina,27690
80,Mireille,Gyles,32079 Knutson Trail,Augusta,Georgia,30911
81,Herb,Marlowe,8111 Clarendon Drive,Kansas City,Missouri,64144
82,Ware,McFarlane,3019 Bellgrove Avenue,Des Moines,Iowa,50936
83,Irma,Peace,41 Dawn Road,Pasadena,California,91186
84,Ivar,Mayes,98683 Lakeland Avenue,Austin,Texas,78759
85,Pippo,Tolomio,829 Boyd Pass,Lexington,Kentucky,40546
86,Leland,Adshead,79 Elgar Street,Springfield,Illinois,62723
87,Leelah,Jenney,8000 Goodland Trail,Mobile,Alabama,36670
88,Maurizio,Chuney,7190 Haas Pass,Washington,District of Columbia,20210
89,Claudian,Wolfart,3454 Brentwood Parkway,Pittsburgh,Pennsylvania,15215
90,Mag,Donson,409 Helena Terrace,Memphis,Tennessee,38168
91,Priscilla,Hallede,15 Mendota Pass,Boston,Massachusetts,02109
92,Sherry,Andreone,98310 Darwin Crossing,Idaho Falls,Idaho,83405
93,Asia,Quilligan,99986 Express Plaza,Bradenton,Florida,34205
94,Antony,Abbotson,967 Bashford Circle,Oklahoma City,Oklahoma,73124
95,Augustin,Siege,8356 Anzinger Park,Omaha,Nebraska,68179
96,Burtie,Abbyss,3863 Old Gate Court,Indianapolis,Indiana,46221
97,Carina,Ducham,60 Memorial Hill,Jacksonville,Florida,32259
98,Mercie,Sollett,3231 Acker Point,Nashville,Tennessee,37240
99,Rabi,Gantley,18343 Debs Road,Cincinnati,Ohio,45238
100,Jacquelyn,O'Shee,25 Brown Trail,Denver,Colorado,80223
101,Meaghan,Alexsandrov,489 Crowley Street,Akron,Ohio,44329
102,Wilhelmina,Gorusso,074 Hansons Place,Knoxville,Tennessee,37924
103,Tamas,Jain,21561 Amoth Plaza,Oklahoma City,Oklahoma,73147
104,Winnie,Albiston,39595 Village Green Plaza,Louisville,Kentucky,40250
105,Suzette,Rushe,958 Old Shore Lane,Amarillo,Texas,79165
106,Brianna,Geelan,02 Gerald Avenue,Saint Paul,Minnesota,55108
107,Zaria,Huge,20173 Hanson Way,Huntington,West Virginia,25711
108,Guthrie,Shallo,01636 Muir Lane,Lexington,Kentucky,40591
109,Washington,Eadington,0001 Packers Place,Kansas City,Missouri,64199
110,Karlen,Wartnaby,75 Loftsgordon Plaza,Louisville,Kentucky,40266
111,Filippo,Beeck,1 Hollow Ridge Drive,New York City,New York,10292
112,Catlaina,Ogan,63 Aberg Crossing,Roanoke,Virginia,24040
113,Killian,Liveing,73456 Susan Street,Philadelphia,Pennsylvania,19146
114,Jonah,Benka,82 Bonner Drive,Naples,Florida,34108
115,Eadie,Sommerling,6 4th Parkway,Tulsa,Oklahoma,74149
116,Liliane,Wheatland,4622 Northview Avenue,Lees Summit,Missouri,64082
117,Ansell,Garton,1 Dahle Drive,Rochester,New York,14683
118,Cherin,Avramov,3 Columbus Hill,New Orleans,Louisiana,70129
119,Ax,Caroll,4948 Crowley Road,Greensboro,North Carolina,27499
120,Bennie,Mateiko,7 Gina Terrace,Yakima,Washington,98907
121,Micheil,Woolens,637 Hintze Crossing,Anaheim,California,92812
122,Duke,Well,5585 Londonderry Crossing,Anaheim,California,92812
123,Melvin,Pearsey,0 Ramsey Crossing,Los Angeles,California,90060
124,Gaby,Plet,99817 Cordelia Trail,Oklahoma City,Oklahoma,73190
125,Salvidor,Hayball,36 Roth Pass,Silver Spring,Maryland,20910
126,Corly,Beaten,4 Nova Junction,San Francisco,California,94121
127,Lynn,Chomicz,22 Commercial Drive,Richmond,Virginia,23285
128,Willy,Heims,80 Merry Street,Virginia Beach,Virginia,23459
129,Zebadiah,Imrie,5821 Darwin Point,Carol Stream,Illinois,60158
130,Sharl,Nijs,894 Vahlen Way,Fort Lauderdale,Florida,33325
131,Georgianna,Lapham,153 Annamark Place,Lubbock,Texas,79410
132,Florinda,Laphorn,02053 Annamark Parkway,Tacoma,Washington,98411
133,Conroy,Heliar,25 Talisman Terrace,Palatine,Illinois,60078
134,Gearard,Leads,64796 Little Fleur Plaza,Atlanta,Georgia,30311
135,Lauree,Postan,28291 Kenwood Drive,Simi Valley,California,93094
136,Patrizio,Huetson,21020 Pankratz Plaza,Oklahoma City,Oklahoma,73109
137,Rutter,Eallis,959 Marquette Plaza,Clearwater,Florida,33763
138,Shelton,Rubenchik,84529 Springview Drive,Seattle,Washington,98127
139,Hedvige,Casserly,17 Debra Lane,Washington,District of Columbia,20238
140,Omero,Collings,5 Monterey Parkway,Spartanburg,South Carolina,29319
141,Fanchette,L' Anglois,9 Fulton Plaza,Fort Worth,Texas,76147
142,Albrecht,McGall,2 Beilfuss Terrace,Watertown,Massachusetts,02472
143,Margaretta,Kimmel,7 Mockingbird Street,San Francisco,California,94147
144,Hazel,Conring,6255 5th Hill,Paterson,New Jersey,07522
145,Nikoletta,Dixsee,20649 Drewry Plaza,Boston,Massachusetts,02114
146,Kenn,Feaster,5097 Butternut Alley,West Palm Beach,Florida,33411
147,Sharline,Twinbrow,88 Anderson Court,Houston,Texas,77065
148,Oralia,Jakubiak,853 West Crossing,Pensacola,Florida,32526
149,Gabey,Palleske,34353 Mallard Center,Mansfield,Ohio,44905
150,Hildegarde,Loynes,29113 Leroy Trail,Milwaukee,Wisconsin,53285
151,Torey,Stanwix,23107 Moulton Plaza,Syracuse,New York,13210
152,Rhona,Coats,4 Canary Park,Erie,Pennsylvania,16565
153,Casey,Ownsworth,6 Portage Crossing,Houston,Texas,77299
154,Luisa,Parton,3 Victoria Junction,Denton,Texas,76210
155,Minni,Haccleton,240 Arizona Drive,Kent,Washington,98042
156,Creight,Freestone,35629 Rutledge Lane,El Paso,Texas,88525
157,Morgen,Jeppensen,07 6th Avenue,Lincoln,Nebraska,68505
158,Avrom,Western,68 Lawn Pass,East Saint Louis,Illinois,62205
159,Felix,Mapholm,24836 Monument Drive,San Angelo,Texas,76905
160,Blisse,Creevy,8 Warner Plaza,Atlanta,Georgia,30380
161,Alidia,Rappa,4 Garrison Court,Duluth,Georgia,30195
162,Wilhelmine,Le Clercq,80288 Scott Alley,Anchorage,Alaska,99512
163,Marlena,Elford,14098 Michigan Circle,Bryan,Texas,77806
164,Garrard,McTear,9 Clyde Gallagher Trail,Saint Petersburg,Florida,33742
165,Fraze,Dufall,240 Di Loreto Center,Lancaster,Pennsylvania,17622
166,Pincus,McQuillin,4 Daystar Road,Santa Cruz,California,95064
167,Matty,Brede,5 Graceland Junction,Augusta,Georgia,30919
168,Pete,Bottle,7994 Lukken Street,Fargo,North Dakota,58106
169,Tobias,Romanet,49986 Dryden Junction,Washington,District of Columbia,20337
170,Allayne,Comi,015 Northview Trail,Greensboro,North Carolina,27415
171,Alvina,Mallaby,9491 Manley Park,Omaha,Nebraska,68179
172,Seth,Jovicevic,71 Barnett Drive,Murfreesboro,Tennessee,37131
173,Zachery,Sheran,8659 Canary Hill,Washington,District of Columbia,20088
174,Lyell,Owenson,0 Sullivan Hill,Phoenix,Arizona,85067
175,Ivan,Cavolini,37010 Fairview Alley,Albuquerque,New Mexico,87195
176,Darcy,Hinners,057 Hollow Ridge Point,Bismarck,North Dakota,58505
177,Vincenz,Seabrook,30105 Brentwood Plaza,Buffalo,New York,14225
178,Dyanna,Edmondson,2 Golf View Court,Denver,Colorado,80241
179,Zelig,Ghelarducci,7743 4th Circle,Cheyenne,Wyoming,82007
180,Terrie,Fordy,2 Fieldstone Point,Columbus,Ohio,43226
181,Whitney,Scoon,178 Tony Way,Hampton,Virginia,23663
182,Niki,Roobottom,1399 Susan Terrace,Saint Joseph,Missouri,64504
183,Mariska,Wyburn,2 Hanson Parkway,Houston,Texas,77070
184,Linzy,Goodricke,72881 Tony Place,Boston,Massachusetts,02283
185,Dannye,Pendock,68 Thierer Terrace,Atlanta,Georgia,30358
186,Hieronymus,MacGrath,47655 Scofield Street,Iowa City,Iowa,52245
187,Ivette,Joy,2697 Clove Court,Minneapolis,Minnesota,55428
188,Budd,Ludgrove,62814 Green Ridge Lane,Whittier,California,90605
189,Garvin,Reedie,8 Hoffman Junction,Ogden,Utah,84409
190,Lucie,Byass,7369 Sycamore Circle,Newark,New Jersey,07104
191,Vivianne,Barhams,5 Hanson Drive,Bronx,New York,10474
192,Rois,Robertshaw,01 Mayfield Park,Saint Louis,Missouri,63169
193,Marielle,Pryce,67 Express Park,Raleigh,North Carolina,27610
194,Mignonne,Dyster,54314 Sommers Lane,Ridgely,Maryland,21684
195,Virgie,Farrear,1 Tennyson Hill,Silver Spring,Maryland,20910
196,Randi,McManus,4641 Gulseth Way,Houston,Texas,77223
197,Allard,Cudbertson,9604 Gulseth Street,Saint Joseph,Missouri,64504
198,Farlie,Kubera,0 Hooker Avenue,New York City,New York,10155
199,Monica,Traill,74518 Mendota Park,Cleveland,Ohio,44197
200,Jerald,Syrett,07 Prairieview Court,Gilbert,Arizona,85297
201,Thatcher,Jeannard,299 Moulton Point,Sandy,Utah,84093
202,Yolanda,Godley,8093 Fallview Alley,Madison,Wisconsin,53710
203,Danella,Marians,639 Onsgard Street,Huntsville,Alabama,35815
204,Margo,Daughtery,167 Emmet Parkway,Saint Louis,Missouri,63126
205,Judie,Nears,8509 Oak Court,Long Beach,California,90805
206,Nye,Morkham,389 Buhler Parkway,Memphis,Tennessee,38114
207,Lynnelle,Kernermann,4367 Kenwood Drive,Saint Petersburg,Florida,33731
208,Yolanda,Frankham,079 Muir Park,Newport News,Virginia,23605
209,Rodrique,Hamley,5360 Valley Edge Terrace,New York City,New York,10110
210,Ethel,Howman,974 Thackeray Center,Sunnyvale,California,94089
211,Simeon,Cullin,156 Rieder Circle,Honolulu,Hawaii,96845
212,Marga,Trussman,1632 Rigney Trail,Detroit,Michigan,48211
213,Myca,Leffek,6 Menomonie Center,Charleston,West Virginia,25331
214,Aeriela,Rivalland,70 Muir Court,Houston,Texas,77212
215,Devonne,MacLise,8 Golf View Court,Tucson,Arizona,85732
216,Rossy,Leare,4382 Meadow Vale Center,Berkeley,California,94705
217,Isa,Schuler,4483 Londonderry Pass,Colorado Springs,Colorado,80910
218,Vivia,Ashdown,895 Hudson Drive,New Bedford,Massachusetts,02745
219,Nolie,D'Aguanno,9369 Goodland Park,New York City,New York,10280
220,North,Grotty,10 Forest Run Circle,Birmingham,Alabama,35242
221,Verna,Donaghy,56 Clyde Gallagher Hill,Rochester,New York,14652
222,Gavan,Lardeur,6270 Riverside Point,Denver,Colorado,80262
223,Aubree,Wyeld,536 Glendale Circle,New York City,New York,10045
224,Mathias,Bennedsen,19076 Crest Line Park,Philadelphia,Pennsylvania,19104
225,Lindy,Ochterlony,9 Larry Terrace,Lexington,Kentucky,40524
226,Imogene,Levington,34759 Little Fleur Terrace,West Palm Beach,Florida,33405
227,Otho,Yakobowitch,74 Chinook Junction,Killeen,Texas,76544
228,Caro,Prozescky,4 Larry Road,Kansas City,Missouri,64153
229,Alfred,Accombe,1374 Green Avenue,Bronx,New York,10469
230,Aggi,Bletcher,45969 Hintze Terrace,Humble,Texas,77346
231,Eda,Riggoll,36 Sommers Hill,Pasadena,California,91109
232,Brittani,Haysham,08 Helena Park,Atlanta,Georgia,30323
233,Helga,Shall,2237 Kenwood Circle,Kent,Washington,98042
234,Dawn,Steinson,00402 Jackson Court,Boca Raton,Florida,33432
235,Cyb,Dimmne,856 Mendota Parkway,Memphis,Tennessee,38109
236,Mitchell,Stoppe,6 Moulton Circle,Redwood City,California,94064
237,Alecia,Bleasby,2 Eagle Crest Road,Boise,Idaho,83716
238,Lauri,Hansana,9178 Porter Avenue,San Antonio,Texas,78220
239,Robinett,Turpie,65 Service Center,Salt Lake City,Utah,84115
240,Franz,Clampton,2 Rieder Park,Knoxville,Tennessee,37914
241,Chaunce,Rossant,81957 Kensington Way,New Orleans,Louisiana,70160
242,Charo,Arckoll,4916 Lindbergh Lane,San Francisco,California,94154
243,Kimmi,Mizen,5 Brickson Park Parkway,Corpus Christi,Texas,78426
244,Gerhard,Gaskal,16490 Eastwood Drive,San Antonio,Texas,78210
245,Simonette,Tantrum,3 Vidon Alley,Roanoke,Virginia,24034
246,Joseph,Wykey,13 Caliangt Lane,Yakima,Washington,98907
247,Cary,Munkton,1031 Green Hill,Phoenix,Arizona,85030
248,Barby,Antonoyev,831 Nova Avenue,Savannah,Georgia,31416
249,Seth,Locket,9650 South Terrace,Wilkes Barre,Pennsylvania,18768
250,Lazarus,Bellany,0246 Northland Lane,Sunnyvale,California,94089
251,Shanan,Barfford,67 Pawling Road,Orlando,Florida,32835
252,Bennie,Crystal,0943 Shopko Plaza,Santa Monica,California,90410
253,Cleveland,Chisnall,6 Mayer Point,Houston,Texas,77228
254,Lawton,Underhill,3668 Hayes Trail,Philadelphia,Pennsylvania,19151
255,Tobey,Blouet,8407 Lillian Trail,Shawnee Mission,Kansas,66225
256,Mercy,Salzburger,4178 Hansons Place,Indianapolis,Indiana,46216
257,Kaila,Arsey,120 Loomis Plaza,Nashville,Tennessee,37228
258,Alec,Polet,815 Clarendon Park,Hamilton,Ohio,45020
259,Aimee,Kippie,25638 Glendale Park,El Paso,Texas,88525
260,Coralie,Ketton,20 Fulton Lane,Arlington,Virginia,22225
261,Rhianna,Janjusevic,3319 Northland Place,Kansas City,Missouri,64125
262,Yolanthe,Menendes,5 Anthes Road,Jacksonville,Florida,32204
263,Onfroi,Pretor,8965 Harper Pass,Indianapolis,Indiana,46247
264,Lindsey,Georgievski,8184 Hollow Ridge Place,Boise,Idaho,83732
265,Fabiano,Tape,65 Mayer Circle,Washington,District of Columbia,20231
266,Cullen,Tabourin,6120 Dorton Hill,Biloxi,Mississippi,39534
267,Audy,Hatcher,81813 Knutson Pass,Aurora,Colorado,80045
268,Jody,Spurling,7226 Burning Wood Terrace,Detroit,Michigan,48267
269,Leopold,Pettingall,61 Westridge Lane,Aurora,Colorado,80015
270,Broddy,Raoul,643 Nobel Crossing,Saint Louis,Missouri,63104
271,Casandra,Lafflina,50 Anzinger Terrace,Hartford,Connecticut,06105
272,Shana,Rosenthal,55 Reindahl Street,Columbus,Ohio,43210
273,Gwendolin,Alflat,45 Arizona Hill,Austin,Texas,78749
274,Rasla,Lackinton,6 Sherman Road,Lexington,Kentucky,40581
275,Melodee,Pikesley,383 Lukken Park,Decatur,Georgia,30089
276,Camellia,Seagar,877 Carberry Road,Anchorage,Alaska,99517
277,Leif,Fullick,2023 Northfield Junction,Miami,Florida,33153
278,Evelina,Phizackerly,39409 Milwaukee Hill,Phoenix,Arizona,85015
279,Romonda,Remon,68415 Claremont Plaza,Long Beach,California,90810
280,Kass,Banville,5564 Saint Paul Pass,Camden,New Jersey,08104
281,Carleen,Grinsdale,6480 Muir Alley,Saint Louis,Missouri,63167
282,Archambault,McEnery,52778 Sundown Terrace,Austin,Texas,78764
283,Cecilius,Fretwell,2034 Killdeer Junction,Washington,District of Columbia,20566
284,Katusha,Rickword,6747 Portage Street,New York City,New York,10029
285,Dareen,Willoughway,90411 Summerview Alley,Santa Ana,California,92705
286,Archibaldo,Ramsay,3428 Crowley Park,Raleigh,North Carolina,27615
287,Keenan,Sheals,2 Shelley Road,Albany,New York,12255
288,Mateo,Madelin,985 Tennyson Crossing,Englewood,Colorado,80150
289,Deonne,Giraux,832 Daystar Trail,Richmond,Virginia,23293
290,Adelaida,Say,0 Pankratz Circle,Peoria,Illinois,61651
291,Olga,Joselevitch,31113 Maryland Center,Dayton,Ohio,45454
292,Elliot,Maunton,83 Arizona Avenue,Atlanta,Georgia,31190
293,Trudy,Frid,04 Almo Circle,Wilmington,Delaware,19886
294,Theressa,Minshaw,45 Jackson Hill,Dallas,Texas,75216
295,Dasie,Maslen,4 Farmco Center,El Paso,Texas,79934
296,Basile,Pinnocke,2883 Grover Crossing,Peoria,Illinois,61629
297,Rosemonde,Debnam,51633 Green Ridge Road,Charlotte,North Carolina,28230
298,Ketty,Fitkin,252 Shopko Center,Fresno,California,93721
299,Linoel,Jovis,32 Riverside Terrace,Sacramento,California,95818
300,Dannel,Mandifield,74938 Fulton Junction,San Antonio,Texas,78210
301,Reid,Skeates,57825 Jackson Lane,Seattle,Washington,98121
302,Joannes,Edmeades,74 Meadow Ridge Place,Nashville,Tennessee,37220
303,Ricky,Chatterton,81978 Northview Terrace,Saint Louis,Missouri,63126
304,Moshe,Pickles,2 Kingsford Center,Erie,Pennsylvania,16510
305,Natalee,Meininger,6436 Scoville Point,New York City,New York,10004
306,Seka,Lecointe,0661 Ludington Lane,Decatur,Illinois,62525
307,Lexis,Behnen,5855 Heffernan Circle,Charlotte,North Carolina,28263
308,Chaddy,Abrahmson,2 Melvin Point,Boise,Idaho,83757
309,Ernaline,Casebourne,218 Ludington Parkway,Bakersfield,California,93381
310,Francyne,Pettie,4 Tomscot Hill,New York City,New York,10170
311,Hall,Hambribe,88 Moulton Pass,San Diego,California,92160
312,Hanan,Belliard,49408 Oak Valley Way,Gaithersburg,Maryland,20883
313,Godfrey,Aspling,3848 Hallows Point,New Castle,Pennsylvania,16107
314,Julia,Pointon,5356 Pond Center,Atlanta,Georgia,30301
315,Mellisent,Purseglove,9 Erie Point,Memphis,Tennessee,38136
316,Jeddy,Elliston,35 Moland Drive,Springfield,Illinois,62705
317,Anson,Alphege,5116 Canary Alley,Richmond,Virginia,23213
318,Gabey,Emmitt,3667 Havey Avenue,San Antonio,Texas,78285
319,Patty,Leonarde,63841 Fairfield Crossing,Johnson City,Tennessee,37605
320,Marylinda,Chipp,402 Veith Crossing,Topeka,Kansas,66699
321,Gerda,Elcome,03290 Menomonie Street,Springfield,Missouri,65810
322,Doralin,Walklot,40 Grim Point,Houston,Texas,77085
323,Vincents,Innis,31 Haas Pass,Jacksonville,Florida,32244
324,Jermaine,Castenda,4 Kennedy Trail,Orlando,Florida,32830
325,Henry,Horick,04 Marquette Terrace,Clearwater,Florida,33758
326,Joan,Conlon,52 Hovde Drive,Lexington,Kentucky,40581
327,Gustie,Diggles,1278 Steensland Terrace,Peoria,Illinois,61614
328,Aili,Swine,996 Cardinal Circle,Boston,Massachusetts,02114
329,Brynna,Paver,951 Corry Junction,El Paso,Texas,88558
330,Kit,Jennemann,70 La Follette Crossing,Provo,Utah,84605
331,Tisha,Deely,77 Stephen Hill,Macon,Georgia,31217
332,Louis,Birkhead,25728 Harbort Park,Colorado Springs,Colorado,80951
333,Lynn,Margett,40796 Nobel Terrace,Alexandria,Virginia,22301
334,Bailie,Forcer,60229 Carberry Plaza,New Haven,Connecticut,06538
335,Tamar,Dahlgren,83259 Butterfield Hill,Levittown,Pennsylvania,19058
336,Annette,Semonin,1 Waxwing Alley,San Mateo,California,94405
337,Frannie,Werner,41650 John Wall Center,New York City,New York,10009
338,Adrian,Westoll,31065 Grover Avenue,San Francisco,California,94105
339,Puff,Spiers,70880 Annamark Junction,Washington,District of Columbia,20010
340,Tad,Edwicker,98 Green Point,Athens,Georgia,30605
341,Steve,Vagges,7905 North Drive,Portsmouth,New Hampshire,03804
342,Konstantin,Mongin,007 Ridge Oak Court,Tulsa,Oklahoma,74156
343,Gregor,Searl,6702 Sherman Crossing,Orlando,Florida,32868
344,Nelly,Martyntsev,0 Marcy Junction,Modesto,California,95397
345,Moreen,Trott,11855 Reinke Street,Houston,Texas,77206
346,Hazlett,Lowther,28086 Brown Place,Vancouver,Washington,98687
347,Marni,Descroix,74 Anzinger Plaza,Pittsburgh,Pennsylvania,15215
348,Farica,Raffin,3089 Bunker Hill Center,Vancouver,Washington,98664
349,Daron,Andriss,55736 Talisman Junction,Minneapolis,Minnesota,55470
350,Lebbie,McGaffey,57339 Saint Paul Point,Des Moines,Iowa,50936
351,Meridith,Jordan,284 Thackeray Point,San Jose,California,95150
352,Caleb,Vannini,3 Scofield Road,Spring,Texas,77386
353,Parrnell,Menezes,15740 Longview Park,Miami Beach,Florida,33141
354,Imojean,Garr,6 Rutledge Way,Fort Myers,Florida,33913
355,Dawna,MacGille,85822 Dawn Center,Mesa,Arizona,85205
356,Penelope,Grinaugh,4 Mendota Park,Henderson,Nevada,89074
357,Nikolas,Deners,996 Valley Edge Circle,Birmingham,Alabama,35279
358,Vernon,Yeaman,2943 Petterle Place,Monroe,Louisiana,71208
359,Haley,Boosey,5 Reindahl Terrace,Escondido,California,92030
360,Les,Itzik,1 Stone Corner Crossing,Houston,Texas,77212
361,Forster,Gouldeby,712 Kinsman Place,New York City,New York,10110
362,Harmonie,Cranton,993 South Alley,Brooklyn,New York,11215
363,Hannie,Hurrell,46 Esch Alley,Albuquerque,New Mexico,87190
364,Norri,Moncreif,993 Sheridan Pass,Paterson,New Jersey,07522
365,Lelia,Shadbolt,741 Pennsylvania Avenue,Norwalk,Connecticut,06854
366,Francyne,Fogt,4 Walton Point,Gatesville,Texas,76598
367,Clayborn,Bannell,09 Melby Plaza,Charlotte,North Carolina,28205
368,Carol,Dabinett,81983 Kensington Way,Naples,Florida,33963
369,Salome,Girvin,6423 Arapahoe Circle,Lincoln,Nebraska,68517
370,Shawn,Lockhurst,7094 Everett Place,Wichita Falls,Texas,76310
371,Jacklyn,Fairweather,78 2nd Center,Amarillo,Texas,79188
372,Erika,Buckland,034 Calypso Alley,Washington,District of Columbia,20456
373,Minnaminnie,Brodley,6868 Kim Pass,Washington,District of Columbia,20442
374,Gusella,Hafner,9 Springview Parkway,Des Moines,Iowa,50320
375,Renelle,Jeste,9862 Monterey Junction,Rockford,Illinois,61110
376,Farrand,Kose,328 Namekagon Plaza,College Station,Texas,77844
377,Rheta,Edger,975 Mallard Park,Springfield,Illinois,62711
378,Rhianon,Eudall,609 Forest Dale Way,Des Moines,Iowa,50330
379,Shaylynn,Oates,0621 Russell Point,Omaha,Nebraska,68179
380,Clarence,Halahan,80424 Washington Way,Cincinnati,Ohio,45213
381,Lynnette,Ambroix,6513 Morningstar Court,Tulsa,Oklahoma,74108
382,Kendre,Poyle,31500 Toban Hill,Newton,Massachusetts,02458
383,Kerianne,Jarmaine,3640 Melody Road,New York City,New York,10249
384,Wayland,Somner,55634 Tennessee Crossing,Los Angeles,California,90087
385,Michel,Stoppard,074 Express Court,Minneapolis,Minnesota,55417
386,Rona,Tarbatt,93 Manufacturers Park,Las Vegas,Nevada,89155
387,Bibi,Kimbury,27497 Moose Road,Redwood City,California,94064
388,Mikol,Jankowski,95 Bartelt Center,Rochester,New York,14652
389,Elysee,Warboys,96442 Sachtjen Court,Columbia,Missouri,65211
390,Vick,Whellans,4 Butterfield Crossing,Miami,Florida,33124
391,Hewe,Smeal,11 Sauthoff Circle,Grand Forks,North Dakota,58207
392,Dolores,Cromack,2 Jay Lane,Sacramento,California,94237
393,Bertrand,Minney,00924 4th Plaza,Lexington,Kentucky,40596
394,Sibylla,Don,5 Ridgeview Avenue,Durham,North Carolina,27717
395,Olin,Povah,5 Dorton Road,New Haven,Connecticut,06505
396,Rolland,Cornall,434 Grayhawk Parkway,Fort Worth,Texas,76134
397,Kylynn,Dargan,59 Florence Junction,Louisville,Kentucky,40215
398,Tomi,Houchen,03212 Petterle Place,Sandy,Utah,84093
399,Hale,Burgoine,45 Hauk Circle,Durham,North Carolina,27717
400,Frasco,Milbourn,88112 Lukken Terrace,Washington,District of Columbia,20420
401,Gerard,Baseke,693 Rieder Circle,Conroe,Texas,77305
402,Erminia,Batiste,629 Ohio Street,Katy,Texas,77493
403,Brooks,Labet,2 Merchant Drive,Oklahoma City,Oklahoma,73173
404,Nerita,Ogle,61 Kingsford Trail,Los Angeles,California,90065
405,Hernando,Losel,78330 Pleasure Court,Erie,Pennsylvania,16522
406,Ariel,Boneham,05400 Monica Drive,Montgomery,Alabama,36134
407,Stanley,Matyushenko,75718 Brown Lane,Birmingham,Alabama,35290
408,Edgar,Eyam,60165 Heath Lane,Houston,Texas,77045
409,Ganny,Headings,932 Debra Crossing,Newton,Massachusetts,02458
410,Eba,Whawell,81142 Sycamore Place,Scranton,Pennsylvania,18505
411,Penny,Faldoe,4370 Mitchell Hill,Columbus,Ohio,43220
412,Judd,Baggs,47 Maryland Park,Torrance,California,90510
413,Rossie,Pipe,9 Hagan Road,Saginaw,Michigan,48604
414,Weber,Bruno,88961 Dunning Plaza,Scranton,Pennsylvania,18505
415,Norene,MacCallion,24 Utah Court,Cincinnati,Ohio,45213
416,Rica,Manning,9 Thierer Park,Minneapolis,Minnesota,55441
417,Montgomery,Vallender,8 Vera Way,Topeka,Kansas,66642
418,Owen,Barrabeale,16398 Gulseth Lane,Amarillo,Texas,79105
419,Adina,Rimer,2980 Hoepker Hill,Naples,Florida,33963
420,Hesther,Norgan,4086 Elmside Avenue,Washington,District of Columbia,20010
421,Ashia,Antonoczyk,86 Buhler Parkway,Spokane,Washington,99252
422,Rubin,Eyton,75361 Southridge Crossing,Baltimore,Maryland,21229
423,Mychal,Rosone,415 Daystar Hill,Jacksonville,Florida,32236
424,Arte,Shipley,2 Leroy Street,San Antonio,Texas,78245
425,Humfried,Albin,7 Kedzie Road,Saint Joseph,Missouri,64504
426,Dorelle,Fligg,12760 3rd Alley,San Diego,California,92170
427,Lindon,Thomasset,79 Morrow Park,Dayton,Ohio,45426
428,Rafaela,Fitzgerald,208 American Ash Trail,Stockton,California,95210
429,Aloysia,Sahlstrom,095 Rutledge Junction,Colorado Springs,Colorado,80930
430,Elia,Shelborne,10 Judy Hill,Kansas City,Missouri,64179
431,Bradney,Poacher,45415 Spaight Street,Portsmouth,New Hampshire,03804
432,Fabian,Tams,4 Loftsgordon Drive,Greensboro,North Carolina,27455
433,Ansley,Britton,8428 Northwestern Crossing,Topeka,Kansas,66611
434,Evaleen,Greschik,25617 Sheridan Park,Boston,Massachusetts,02208
435,Leila,Blasius,4 Hintze Way,Cincinnati,Ohio,45203
436,Hansiain,Brands,22174 Golden Leaf Center,Muncie,Indiana,47306
437,Evangelin,Kenyam,999 Ramsey Street,Muncie,Indiana,47306
438,Mercy,Cowden,31871 Hazelcrest Road,El Paso,Texas,88553
439,Lewie,Bellamy,7 Bluejay Road,Orlando,Florida,32859
440,Etan,Trotter,09 Spenser Park,Fresno,California,93778
441,Delphine,Necrews,3045 Village Center,Everett,Washington,98206
442,Madelaine,Hovey,912 Kensington Trail,Waco,Texas,76705
443,Sheffy,Formilli,56051 Mcguire Point,Lexington,Kentucky,40505
444,Julio,Menico,2096 Rockefeller Alley,Stamford,Connecticut,06905
445,Cindelyn,Marion,9 Village Green Junction,Mobile,Alabama,36689
446,Pearla,Forty,33 Hoard Circle,Orlando,Florida,32859
447,Lola,Kinner,8074 Jackson Way,Fort Worth,Texas,76192
448,Sheree,Prophet,7 Blackbird Street,Saint Louis,Missouri,63121
449,Katina,Scroggins,539 Hintze Plaza,Birmingham,Alabama,35244
450,Willette,Woffenden,728 Amoth Alley,Youngstown,Ohio,44555
451,Zaneta,Mines,58 Marquette Place,Greensboro,North Carolina,27415
452,Geoff,Neads,16 Randy Plaza,Madison,Wisconsin,53779
453,Griselda,Wannell,23121 Lakewood Gardens Street,Riverside,California,92519
454,Adamo,Daniaud,4154 Dexter Circle,Fort Pierce,Florida,34949
455,Eleanora,Gotcliffe,50 Sycamore Avenue,Montpelier,Vermont,05609
456,Esma,Radbourn,7487 Warner Circle,Spring,Texas,77386
457,Pepi,Mahony,6236 Village Green Way,Johnstown,Pennsylvania,15906
458,Hatti,Hourahan,3235 Arrowood Court,Jackson,Mississippi,39210
459,Christyna,Barock,04663 Sundown Trail,Charleston,West Virginia,25362
460,Allegra,Haydn,53 Kinsman Avenue,Brooklyn,New York,11241
461,Gerry,Heeley,73 Union Pass,Las Vegas,Nevada,89145
462,Brant,Bartholomew,98854 Northridge Place,Oklahoma City,Oklahoma,73190
463,Zedekiah,Gleed,40 Transport Junction,Seattle,Washington,98175
464,Thalia,Blanchard,8 Annamark Drive,New Orleans,Louisiana,70154
465,Farlie,Trevan,967 Lien Point,Tallahassee,Florida,32309
466,Gayleen,Palatino,2697 Declaration Place,San Jose,California,95173
467,Sayers,Mixworthy,4971 Anzinger Trail,Pensacola,Florida,32575
468,Chere,Lipmann,11009 Carberry Point,Schenectady,New York,12325
469,Lynde,Jervois,62607 Sutteridge Terrace,Columbus,Georgia,31998
470,Bertrando,Stockford,90994 Linden Court,Ann Arbor,Michigan,48107
471,Saw,Prendiville,2485 Talisman Avenue,Vero Beach,Florida,32969
472,Esmeralda,Loads,9 Dwight Junction,Saint Paul,Minnesota,55166
473,Francois,Duffyn,464 Fairfield Court,Roanoke,Virginia,24004
474,Fleur,Tucknott,622 Green Ridge Court,Aurora,Colorado,80044
475,Norry,Spearing,383 Fisk Avenue,Atlanta,Georgia,30386
476,Curry,Tennison,4 Village Green Parkway,Fort Lauderdale,Florida,33325
477,Novelia,Vanyushkin,75 Bartillon Alley,Clearwater,Florida,34620
478,Florina,Strover,37 Morrow Crossing,Austin,Texas,78759
479,Raphaela,Coulthard,0905 Arkansas Lane,Torrance,California,90510
480,Alli,Treasure,2 Di Loreto Trail,Houston,Texas,77075
481,Georgia,Fassbindler,7 Summer Ridge Avenue,Lexington,Kentucky,40591
482,Max,Schoenrock,332 Prairie Rose Junction,Bronx,New York,10464
483,Moses,Brannigan,0019 West Center,San Jose,California,95138
484,Pam,Scolland,09 Toban Hill,Saint Paul,Minnesota,55188
485,Marie,Nawton,505 Brentwood Way,Duluth,Georgia,30195
486,Michal,Jeannon,63779 Tony Pass,Nashville,Tennessee,37250
487,Hanny,MacGeaney,81586 Arizona Pass,Norfolk,Virginia,23504
488,Adriane,Brimham,2 Homewood Court,Chico,California,95973
489,Griselda,MacLice,4 Crest Line Avenue,Sandy,Utah,84093
490,Felicdad,Formby,1 8th Way,Bozeman,Montana,59771
491,Ronica,Odell,157 1st Crossing,Knoxville,Tennessee,37919
492,Velma,Ingerith,2557 Hudson Circle,Fullerton,California,92640
493,Bridie,Heaseman,958 Knutson Terrace,Davenport,Iowa,52804
494,Efren,Priestland,50071 Cottonwood Place,Cedar Rapids,Iowa,52410
495,Sophie,Kingscott,1 Hermina Center,Carol Stream,Illinois,60351
496,Humphrey,Butters,897 Spaight Plaza,Philadelphia,Pennsylvania,19141
497,Herby,Poulsen,797 Iowa Lane,Fresno,California,93704
498,Roderick,Spackman,6 Westerfield Crossing,Lynchburg,Virginia,24515
499,Claire,Ingleston,7068 Tony Trail,New Orleans,Louisiana,70174
500,Alejandra,Jekel,59590 Garrison Parkway,Roanoke,Virginia,24040
501,Noach,Wey,427 Sunfield Avenue,Palmdale,California,93591
502,Karel,O'Lagene,188 Memorial Center,Portland,Oregon,97296
503,Cordula,Bellanger,2278 Riverside Plaza,Muncie,Indiana,47306
504,Juanita,Benns,5125 Claremont Circle,Houston,Texas,77020
505,Mathew,Side,47 School Alley,San Francisco,California,94105
506,Drugi,Englishby,69749 Bultman Center,Everett,Washington,98206
507,Teresina,Dering,9 Melrose Circle,Pompano Beach,Florida,33075
508,Sidonnie,McGann,487 Granby Avenue,Norwalk,Connecticut,06854
509,Ursula,Butteris,804 Hollow Ridge Avenue,Los Angeles,California,90005
510,Felice,Gaunt,122 West Drive,Little Rock,Arkansas,72215
511,Mark,Kalinovich,655 Coolidge Street,San Antonio,Texas,78296
512,Ofella,Mulholland,1 Superior Point,Springfield,Massachusetts,01129
513,Lucius,Bygate,08266 Eagan Circle,Jacksonville,Florida,32230
514,Gibb,McParland,50 Kropf Parkway,Des Moines,Iowa,50936
515,Sigrid,Schofield,164 Sutteridge Parkway,Seattle,Washington,98121
516,Enriqueta,McCheyne,81478 Rockefeller Avenue,Oklahoma City,Oklahoma,73197
517,Cara,Surmeyer,8639 Mallard Center,Riverside,California,92513
518,Ravi,Ells,519 Oneill Drive,Dallas,Texas,75226
519,Alecia,Kleinstern,5002 Corscot Court,Peoria,Illinois,61656
520,Briano,Sarvar,713 Calypso Pass,Hartford,Connecticut,06120
521,Fanni,Finessy,777 Bobwhite Drive,Cincinnati,Ohio,45233
522,Dulce,Bennallck,15677 Sherman Way,Pasadena,California,91199
523,Adeline,Roberti,8 Randy Terrace,Everett,Washington,98206
524,Mikey,Dicky,50523 Dexter Crossing,Orlando,Florida,32891
525,Candra,Coronado,8561 Novick Circle,Miami,Florida,33147
526,Perkin,Sauven,10183 Hoepker Avenue,Long Beach,California,90810
527,Malorie,Measor,551 Shelley Hill,Sarasota,Florida,34276
528,Kaile,Wohlers,6632 Leroy Crossing,Minneapolis,Minnesota,55458
529,Zia,Fennessy,85553 Briar Crest Crossing,Stamford,Connecticut,06922
530,Halette,Kettleson,047 Dottie Hill,Tucson,Arizona,85715
531,Brennen,Paulitschke,6 Anthes Place,Mobile,Alabama,36641
532,Michele,Castaignet,889 Barby Alley,San Luis Obispo,California,93407
533,Paxton,Pressdee,56816 Meadow Vale Place,Buffalo,New York,14263
534,Shelly,Pachta,0228 Reinke Road,Fort Pierce,Florida,34949
535,Niccolo,Jovis,29599 Susan Plaza,Austin,Texas,78778
536,Jilli,McSpirron,90 Montana Trail,Elmira,New York,14905
537,Priscilla,Moynihan,5 Harbort Drive,New Orleans,Louisiana,70179
538,Banky,Fellon,75475 Emmet Avenue,Honolulu,Hawaii,96810
539,Myrle,Pain,22 Mayer Terrace,Honolulu,Hawaii,96805
540,Lothario,Fortman,6 Service Road,Washington,District of Columbia,20088
541,Shawn,Izaac,78 Oxford Point,Denver,Colorado,80204
542,Felicle,Jewitt,72226 Porter Drive,Boulder,Colorado,80310
543,Eleonore,Dawtrey,93571 Village Drive,Washington,District of Columbia,20580
544,Obadiah,Steutly,82858 Sugar Point,Staten Island,New York,10305
545,Thebault,Imlin,663 Red Cloud Junction,Colorado Springs,Colorado,80920
546,Aurore,Parades,9492 Monument Street,Charlotte,North Carolina,28284
547,Ezra,Cristofari,05 Memorial Court,Denton,Texas,76210
548,Jacinda,Barlee,358 Forster Center,Syracuse,New York,13210
549,Caz,McLeese,9209 Kings Street,Washington,District of Columbia,20051
550,Leigh,Lehrian,5 Caliangt Junction,Amarillo,Texas,79105
551,Rafaelita,Edmons,3801 Mayer Hill,Buffalo,New York,14233
552,Xerxes,Courtes,117 Sloan Avenue,Saint Louis,Missouri,63180
553,Cullan,Matuskiewicz,20 Maple Wood Drive,Albany,New York,12210
554,Innis,De Maria,0973 Fairfield Pass,San Bernardino,California,92424
555,Titus,Utting,8 Evergreen Terrace,Wilmington,Delaware,19897
556,Nerte,Spolton,80 Melvin Road,Indianapolis,Indiana,46278
557,Chantalle,Freyn,3007 Service Hill,Brooklyn,New York,11247
558,Sayres,Nehlsen,66 Summit Way,Columbus,Ohio,43210
559,Shantee,Pinard,6081 Duke Center,West Palm Beach,Florida,33411
560,Culver,Chiswell,0625 Fairfield Hill,Pittsburgh,Pennsylvania,15220
561,Karna,Annies,591 Clove Junction,Kansas City,Missouri,64114
562,Maddy,Pursglove,7584 Alpine Road,Springfield,Illinois,62794
563,Shurlocke,Quelch,05 Jay Road,Kalamazoo,Michigan,49006
564,Nola,Brugsma,39 Mifflin Junction,Waltham,Massachusetts,02453
565,Winne,Devey,82451 Di Loreto Street,Savannah,Georgia,31416
566,Sheffie,Gaskill,2150 Mcguire Plaza,Fort Worth,Texas,76134
567,Kati,Dopson,32 South Terrace,Austin,Texas,78715
568,Regina,Dorant,82857 Columbus Crossing,Phoenix,Arizona,85005
569,Jan,Gartsyde,1 Bay Drive,Buffalo,New York,14220
570,Angelita,Roome,4976 Ilene Crossing,Hattiesburg,Mississippi,39404
571,Gert,McBoyle,188 Starling Avenue,Torrance,California,90505
572,Chance,Brothwood,86988 Beilfuss Hill,Little Rock,Arkansas,72209
573,Ambur,Le Blond,4431 Starling Place,Beaverton,Oregon,97075
574,Papagena,Dennington,30 Talisman Terrace,Oklahoma City,Oklahoma,73147
575,Isaak,Kingsnorth,81 Oneill Road,Brooklyn,New York,11220
576,Jillene,Laurencot,6 Dahle Terrace,Evansville,Indiana,47725
577,Avril,Bradneck,22291 Loomis Terrace,Pompano Beach,Florida,33075
578,Pascale,Daud,142 Weeping Birch Junction,Berkeley,California,94712
579,Dalenna,Sneyd,5 Bunting Pass,Minneapolis,Minnesota,55487
580,Montgomery,Scrivenor,8 Reinke Drive,Minneapolis,Minnesota,55402
581,Agnes,Spalding,857 Algoma Avenue,Prescott,Arizona,86305
582,Shaina,Stanlake,7 Lawn Point,Springfield,Massachusetts,01105
583,Ede,Canet,38 Duke Terrace,Roanoke,Virginia,24014
584,Friederike,Suttle,48759 Del Mar Alley,Green Bay,Wisconsin,54313
585,Dian,Norcock,9 Springview Drive,Fresno,California,93740
586,Mohandis,Laite,28970 Bluestem Drive,Miami,Florida,33134
587,Tiffi,Mosedill,0 Manley Avenue,San Antonio,Texas,78235
588,Karlene,Rignoldes,88952 Arkansas Pass,Zephyrhills,Florida,33543
589,Duane,Castellone,983 Welch Place,Minneapolis,Minnesota,55470
590,Coreen,Ottewell,5 Sullivan Park,Detroit,Michigan,48206
591,Job,Suerz,92 Mandrake Pass,San Bernardino,California,92415
592,Waylan,Sheddan,18275 Maple Way,Portsmouth,New Hampshire,03804
593,Vernen,Grossman,0886 Bashford Court,Fargo,North Dakota,58106
594,Abrahan,Omond,96768 Dakota Crossing,Reading,Pennsylvania,19610
595,Vita,Headings,6918 Little Fleur Parkway,Bethesda,Maryland,20816
596,Rebekah,Crumb,1600 Hagan Way,Pensacola,Florida,32505
597,Milena,Delmage,657 Delladonna Hill,Phoenix,Arizona,85005
598,Raimondo,Fenney,3 Waxwing Avenue,Albuquerque,New Mexico,87190
599,Shane,Lorking,26292 Erie Alley,Montgomery,Alabama,36134
600,Pearla,Barff,415 Tennyson Junction,Helena,Montana,59623
601,Elora,Hardaker,07 Cordelia Drive,Sacramento,California,94230
602,Joyan,Maryman,73195 Claremont Drive,New York City,New York,10004
603,Enos,Timblett,419 Merchant Terrace,San Francisco,California,94105
604,Trixy,De Ruggiero,487 Chive Circle,Garland,Texas,75044
605,Hobie,Peet,00823 Weeping Birch Lane,Washington,District of Columbia,20404
606,Talbot,Kuscha,89 Lindbergh Trail,Maple Plain,Minnesota,55572
607,Della,Clemitt,48 Nevada Trail,Kent,Washington,98042
608,Brendin,Carlow,803 Chinook Plaza,Bryan,Texas,77806
609,Kikelia,Pabst,42608 Ramsey Circle,Saint Petersburg,Florida,33737
610,Mitchel,Tudge,38539 Grover Lane,Las Vegas,Nevada,89140
611,Upton,Reville,35 Hoard Park,San Antonio,Texas,78235
612,Wittie,Lapre,071 Basil Hill,San Antonio,Texas,78210
613,Rozanne,Harkins,6150 Chinook Lane,Omaha,Nebraska,68105
614,Hamlen,Coddington,5303 Eagan Trail,Birmingham,Alabama,35290
615,Ray,MacPaike,1212 Helena Point,Detroit,Michigan,48232
616,Page,Quiney,086 8th Lane,Newton,Massachusetts,02162
617,Tootsie,Le Pruvost,4 Bonner Center,Sacramento,California,94237
618,Kellyann,Shannon,07 Bartelt Road,Boise,Idaho,83727
619,Alice,Binion,1 Lake View Junction,Cape Coral,Florida,33915
620,Nathan,Hoovart,5264 Hagan Terrace,El Paso,Texas,79999
621,Bernete,Prattington,19708 Park Meadow Alley,Albany,New York,12227
622,Merci,Markovic,6008 Summit Hill,Cape Coral,Florida,33915
623,Dudley,Jaques,3 Lillian Alley,Waltham,Massachusetts,02453
624,Star,Roe,54563 Westend Street,Charlotte,North Carolina,28272
625,Virgina,Lumly,3 American Ash Alley,Tucson,Arizona,85737
626,Michale,Awde,14319 Transport Way,San Diego,California,92121
627,Emilie,Tuddenham,8 Parkside Park,Houston,Texas,77095
628,Shandee,Surmeyer,225 Kensington Junction,Maple Plain,Minnesota,55579
629,Faye,Gerckens,79 Gale Plaza,Orlando,Florida,32830
630,Lynea,Togher,40460 Ryan Parkway,Hicksville,New York,11854
631,Celie,Rosellini,80528 Bluestem Park,Louisville,Kentucky,40210
632,Cordelia,Venn,43 Grasskamp Court,Memphis,Tennessee,38114
633,Alessandro,Rodder,790 Stoughton Center,Brooklyn,New York,11210
634,Leeland,Kildea,7266 Troy Hill,Springfield,Ohio,45505
635,Halsy,McCusker,04321 Nevada Center,Houston,Texas,77025
636,Jase,Tomini,7480 Annamark Place,Midland,Texas,79710
637,Amil,Waison,1899 Crowley Road,Tucson,Arizona,85732
638,Jimmy,Pietersen,09527 Shelley Plaza,Gulfport,Mississippi,39505
639,Davidde,Shapiro,1 Stone Corner Street,Lincoln,Nebraska,68510
640,Marnie,Acarson,2 Summer Ridge Court,Lakeland,Florida,33811
641,Chrissie,Huge,95 Morningstar Street,Schaumburg,Illinois,60193
642,Francoise,Embleton,567 Bluejay Plaza,Naples,Florida,34108
643,Karyn,Josilowski,3 7th Center,Maple Plain,Minnesota,55572
644,Caitlin,Moden,10732 Fisk Street,Las Vegas,Nevada,89115
645,Sibel,Peck,514 Mccormick Park,Lawrenceville,Georgia,30045
646,Luce,Pirdy,0 Kings Crossing,Lexington,Kentucky,40591
647,Agustin,Gerler,9561 Pierstorff Lane,Memphis,Tennessee,38188
648,Mechelle,Eastmead,9277 Debs Road,Oakland,California,94627
649,Julia,Ginnaly,68849 Tony Crossing,Bakersfield,California,93311
650,Emelyne,Micklewright,7 Ludington Street,Montgomery,Alabama,36177
651,Vanya,Gouny,346 Glendale Center,Raleigh,North Carolina,27610
652,Sheilah,Laver,589 Vidon Court,Springfield,Massachusetts,01129
653,Jayne,Galbraith,697 Tomscot Parkway,New Orleans,Louisiana,70116
654,Lucia,Baack,71 Nova Hill,Houston,Texas,77293
655,Bernetta,Lothlorien,4639 Summit Trail,Knoxville,Tennessee,37914
656,Luelle,Eaton,85773 Gina Way,Washington,District of Columbia,20036
657,Noland,Dradey,7413 Paget Point,Memphis,Tennessee,38161
658,Barbie,MacMenemy,192 Petterle Hill,Dallas,Texas,75246
659,Koral,Sedgman,4 Iowa Park,Colorado Springs,Colorado,80935
660,Pavel,Broomhall,14 Anderson Road,Nashville,Tennessee,37240
661,Whitaker,Laurie,601 Sunbrook Circle,Montgomery,Alabama,36134
662,Othilia,Stammler,0819 Oak Valley Road,Alexandria,Virginia,22333
663,Stillman,Burrass,504 Lighthouse Bay Parkway,Cincinnati,Ohio,45218
664,Marin,Flowith,61732 Armistice Hill,Warren,Michigan,48092
665,Nikolia,Akerman,91 Melrose Street,Edmond,Oklahoma,73034
666,Leicester,Chomiszewski,39673 Memorial Drive,Monticello,Minnesota,55565
667,Jenni,Matschuk,56 Jenifer Way,Albany,New York,12247
668,Clive,Skeldon,1822 Mifflin Court,Portland,Oregon,97296
669,Corrie,Spieck,13318 Claremont Alley,Columbia,South Carolina,29240
670,Valle,Ebourne,7283 Hazelcrest Park,Florence,South Carolina,29505
671,Klarrisa,Bodega,96 Meadow Ridge Parkway,Dearborn,Michigan,48126
672,Dierdre,Van Dijk,61787 Oxford Terrace,Birmingham,Alabama,35205
673,Ron,De la Yglesia,01799 Ronald Regan Trail,Columbus,Georgia,31998
674,Elita,Labin,58 Glendale Alley,Norfolk,Virginia,23514
675,Hubey,Sherred,806 Continental Parkway,Los Angeles,California,90045
676,Kelwin,Robun,1569 Havey Way,Los Angeles,California,90094
677,Nanni,Draayer,22783 Ludington Avenue,Gastonia,North Carolina,28055
678,Wye,Harle,4203 Graedel Plaza,San Francisco,California,94164
679,Wildon,Holbarrow,60 Schiller Junction,Dayton,Ohio,45490
680,Jaclyn,Blind,2045 Mallard Crossing,Cleveland,Ohio,44185
681,Rosalyn,Brechin,3 Melrose Crossing,New Castle,Pennsylvania,16107
682,Charlotte,Clurow,97 Menomonie Avenue,Portsmouth,New Hampshire,03804
683,Emory,Harbidge,894 Annamark Place,Charleston,West Virginia,25389
684,Hamlen,Wonfar,24151 Bashford Park,Albany,New York,12227
685,Jdavie,Wickersham,297 Superior Hill,Jacksonville,Florida,32204
686,Alta,Watkins,19 Warrior Plaza,Rochester,New York,14619
687,Lettie,Zelland,1732 Crownhardt Alley,Dallas,Texas,75265
688,Barris,Caines,2 Sunbrook Street,Indianapolis,Indiana,46202
689,Elise,McClean,223 Butterfield Circle,Harrisburg,Pennsylvania,17121
690,Michaela,Clinch,5 Melvin Crossing,Irving,Texas,75062
691,Deck,Ritzman,47 Truax Lane,Spartanburg,South Carolina,29319
692,Theresina,Derrell,29360 Memorial Trail,Phoenix,Arizona,85072
693,Melisande,Gladwish,337 Thackeray Hill,Pensacola,Florida,32595
694,Glynnis,Bolley,8443 Nevada Crossing,Metairie,Louisiana,70033
695,Glad,Crosby,4 Orin Point,Orlando,Florida,32813
696,Annamarie,Illing,39 Grasskamp Crossing,Miami,Florida,33190
697,Beryl,Sails,07250 Sunnyside Trail,Springfield,Massachusetts,01129
698,Lindie,Lissandrini,81708 Northview Circle,North Las Vegas,Nevada,89087
699,Kristoforo,Crighton,66746 Messerschmidt Terrace,Denver,Colorado,80291
700,Judi,Botte,7 Monica Court,New York City,New York,10260
701,Petunia,Josebury,18 Lukken Plaza,Jackson,Mississippi,39204
702,Zak,Hufton,25931 Westend Court,Spokane,Washington,99260
703,Cosetta,Mulliner,5 Sage Point,Sacramento,California,95852
704,Bjorn,Kilcoyne,59 Garrison Point,Norfolk,Virginia,23514
705,Leisha,Defont,94 Londonderry Way,Milwaukee,Wisconsin,53285
706,Jacklin,Balmer,98655 Lakewood Gardens Drive,Portland,Oregon,97201
707,Boote,Purseglove,3 Merry Hill,Beaverton,Oregon,97075
708,Dane,Somerled,8 Riverside Way,Oklahoma City,Oklahoma,73142
709,Leslie,Knox,5855 Pepper Wood Lane,Philadelphia,Pennsylvania,19191
710,Lorianna,Backsal,46 Orin Drive,Sacramento,California,95852
711,Darline,Tomsen,24 Loomis Drive,Sacramento,California,94280
712,Kim,Ben,827 Farmco Junction,Washington,District of Columbia,20392
713,Johanna,Tubb,082 David Trail,Des Moines,Iowa,50315
714,Florella,Geffen,5 Sullivan Parkway,Fort Worth,Texas,76192
715,Pieter,McEvoy,38868 Lerdahl Court,Milwaukee,Wisconsin,53234
716,Anitra,Gershom,74 Bunker Hill Plaza,Amarillo,Texas,79188
717,Mitzi,Liepina,844 Springview Circle,Philadelphia,Pennsylvania,19120
718,Quentin,Vasilyevski,5 Melody Street,Topeka,Kansas,66699
719,Hally,Haversum,660 Melvin Pass,Trenton,New Jersey,08603
720,Waverly,McLennan,32359 Kim Drive,Washington,District of Columbia,20036
721,Alanna,McAnulty,397 Cherokee Court,Charleston,South Carolina,29411
722,Marysa,Leadbeatter,7 Donald Park,Memphis,Tennessee,38119
723,Audie,Pexton,39 Waxwing Road,Amarillo,Texas,79188
724,Berna,Bendelow,313 Green Parkway,Atlanta,Georgia,30323
725,Hersh,Dymond,92850 Roxbury Avenue,Jacksonville,Florida,32230
726,Marlo,Hakes,1 Beilfuss Crossing,El Paso,Texas,88535
727,Shamus,Willshaw,6027 Dovetail Alley,Jamaica,New York,11499
728,Zacharia,Tregea,83888 Lawn Circle,Brooklyn,New York,11231
729,Mic,Batstone,6423 Knutson Avenue,Orlando,Florida,32803
730,Kirbee,Greatrakes,1541 Spohn Avenue,Gaithersburg,Maryland,20883
731,Skylar,Cottham,2 Northport Drive,Baltimore,Maryland,21275
732,Aldon,Book,21 Truax Pass,Phoenix,Arizona,85010
733,Enid,Kynforth,288 Browning Alley,Pocatello,Idaho,83206
734,Sybil,Shapera,3185 3rd Pass,Lake Worth,Florida,33467
735,Annadiana,Roan,214 Wayridge Drive,Scottsdale,Arizona,85260
736,Lyda,Shuttle,999 Declaration Lane,Miami,Florida,33180
737,Patrizia,Gebby,90 Maryland Hill,Rockford,Illinois,61105
738,Celina,Leap,4 Rockefeller Street,Mobile,Alabama,36628
739,Arlee,Hagwood,446 Judy Hill,Sioux City,Iowa,51110
740,Eddie,Kryska,315 Corben Junction,Arlington,Virginia,22205
741,Ethelyn,Di Carlo,78 Artisan Place,Orlando,Florida,32859
742,Teodoor,Blasio,9307 Westridge Place,Shawnee Mission,Kansas,66205
743,Caria,Backhurst,0481 Annamark Lane,Bakersfield,California,93311
744,Judon,Hasloch,98837 Harper Way,Dallas,Texas,75246
745,Shannon,Whistance,8157 Hauk Center,Philadelphia,Pennsylvania,19125
746,Salim,Orcas,77768 Johnson Hill,Shreveport,Louisiana,71166
747,Josselyn,Gillson,6 Armistice Park,Huntington Beach,California,92648
748,Vinni,Penwarden,113 North Plaza,Charlotte,North Carolina,28215
749,Dru,Zelley,783 Fallview Terrace,Fort Lauderdale,Florida,33310
750,Bathsheba,Sandham,09533 Buell Road,Macon,Georgia,31296
751,Adlai,Puddifer,30 Erie Park,Knoxville,Tennessee,37914
752,Camella,Jedrachowicz,8 Prairieview Circle,Trenton,New Jersey,08603
753,Eustacia,Russon,56504 Dennis Road,Young America,Minnesota,55557
754,Christa,Alwin,916 Express Way,Hicksville,New York,11854
755,Rozanne,Blissitt,5 Bunting Pass,Huntsville,Alabama,35895
756,Laureen,Bernardotte,11407 Oxford Park,Naperville,Illinois,60567
757,Darryl,Purdie,46 Novick Drive,Fresno,California,93709
758,Solly,Gorriessen,128 Wayridge Junction,Saint Louis,Missouri,63121
759,Glen,Garrie,471 Southridge Road,Pasadena,Texas,77505
760,Brenda,Grigolashvill,7304 Bunting Circle,San Jose,California,95118
761,Viviana,Powis,334 Express Center,Wilkes Barre,Pennsylvania,18768
762,Vince,Norssister,23632 Hazelcrest Terrace,Fort Wayne,Indiana,46805
763,Natasha,MacMorland,62 Crescent Oaks Terrace,Washington,District of Columbia,20530
764,Megen,Eles,39 Dryden Trail,Kansas City,Missouri,64160
765,Archaimbaud,Caswall,7 Bluestem Hill,Charlotte,North Carolina,28247
766,Cello,Vowden,322 Briar Crest Crossing,Los Angeles,California,90050
767,Valerie,Markson,843 Quincy Point,New York City,New York,10079
768,Ofelia,Ettles,7 School Trail,Clearwater,Florida,33763
769,Barnaby,Paddie,73 Saint Paul Crossing,Los Angeles,California,90101
770,Whittaker,Rotte,76272 Kensington Trail,Saint Louis,Missouri,63143
771,Clarissa,Hollingsbee,1 Susan Terrace,Cheyenne,Wyoming,82007
772,Miran,Stronach,8238 International Trail,Olympia,Washington,98516
773,Vida,Blacklawe,78840 Hanover Terrace,Visalia,California,93291
774,Ralf,Grigolon,372 Northridge Alley,Fayetteville,North Carolina,28314
775,Nickie,MacConnulty,8235 Bobwhite Road,Pittsburgh,Pennsylvania,15250
776,Celinka,Bosma,68 Farwell Center,Grand Rapids,Michigan,49505
777,Corabelle,Blazhevich,8 Graedel Hill,San Antonio,Texas,78210
778,Talbert,Searchwell,8 Washington Center,Jamaica,New York,11470
779,Aretha,Passion,87777 Garrison Terrace,Kansas City,Missouri,64125
780,Shellie,Buston,3117 Merry Lane,Topeka,Kansas,66622
781,Ax,Stormouth,8604 Linden Road,Marietta,Georgia,30066
782,Emerson,Pirie,939 Sachtjen Avenue,Phoenix,Arizona,85062
783,Theodosia,McCoole,0980 Upham Place,San Antonio,Texas,78250
784,Shamus,Maffetti,2 Hoffman Terrace,Jacksonville,Florida,32236
785,Shanie,Siss,683 Bultman Parkway,Detroit,Michigan,48275
786,Kelli,Karlqvist,87 Delaware Parkway,Dallas,Texas,75241
787,Camille,Sandwich,2205 Hoffman Way,Houston,Texas,77288
788,Hershel,Karczinski,24691 Briar Crest Alley,Kansas City,Missouri,64109
789,Brietta,Wind,0851 Eagan Drive,Spartanburg,South Carolina,29319
790,Martita,Lauga,075 Summer Ridge Circle,Washington,District of Columbia,20099
791,Lou,Gabbotts,7 Portage Trail,Carson City,Nevada,89706
792,Clerissa,Norwich,657 Bobwhite Hill,San Diego,California,92110
793,Shalom,Tuplin,2 Eggendart Junction,Baltimore,Maryland,21203
794,Carmelita,Kupisz,0 Esch Terrace,Nashville,Tennessee,37245
795,Ode,Yoselevitch,62523 Blackbird Way,Houston,Texas,77075
796,Rosalinda,Stourton,45949 Hallows Road,Houston,Texas,77055
797,Harri,Trayte,4 Schiller Crossing,Sacramento,California,94273
798,Sergent,Warbys,1 Muir Road,Valley Forge,Pennsylvania,19495
799,Gard,Craggs,960 Lotheville Road,Houston,Texas,77005
800,Shurlocke,Offill,3 Glacier Hill Crossing,Des Moines,Iowa,50320
801,Dwight,Pawle,79877 Anthes Place,New Orleans,Louisiana,70124
802,Blake,Nutt,0 4th Park,Moreno Valley,California,92555
803,Steven,Spinnace,62 Dapin Road,Chicago,Illinois,60657
804,Elnore,Winspear,8 Marcy Alley,Decatur,Georgia,30033
805,Lyssa,Tevlin,12132 Spenser Parkway,Washington,District of Columbia,20099
806,Penelope,Metschke,669 Commercial Avenue,San Francisco,California,94116
807,Meredith,Caine,32945 Kingsford Crossing,Orange,California,92867
808,Jillane,Eacle,949 Comanche Trail,Sacramento,California,95865
809,Jenna,Beller,0049 Pankratz Plaza,San Diego,California,92145
810,Talya,Newcom,19340 Old Shore Court,Rochester,New York,14639
811,Miranda,Lamar,5326 Hudson Drive,New York City,New York,10203
812,Claude,Balmforth,670 Donald Crossing,Santa Barbara,California,93106
813,Doralynn,Chancellor,68124 Katie Center,Houston,Texas,77010
814,Taffy,Jobling,707 Harper Parkway,New Haven,Connecticut,06505
815,Griff,Hollow,27245 Hanover Court,Los Angeles,California,90060
816,Frederico,Illing,18920 Lunder Center,Phoenix,Arizona,85072
817,Benito,Yurchishin,4 Scofield Junction,New Orleans,Louisiana,70154
818,Verne,Bailie,509 Quincy Junction,Washington,District of Columbia,20205
819,Inglebert,Gillebert,9094 Farmco Avenue,Canton,Ohio,44760
820,Ansel,Benn,9 Prairieview Park,Glendale,Arizona,85311
821,Millard,Hodge,31 Sachtjen Point,Tacoma,Washington,98442
822,Odilia,Pengilly,9 Almo Hill,Jackson,Mississippi,39210
823,Mendie,Woltman,296 Huxley Trail,Shreveport,Louisiana,71161
824,Linette,Romaint,40 Anderson Street,Paterson,New Jersey,07505
825,Janel,Trevon,11717 Lillian Place,Bonita Springs,Florida,34135
826,Marya,Lithgow,42 Red Cloud Parkway,Memphis,Tennessee,38114
827,Barrie,Duckitt,90950 Rutledge Trail,Baltimore,Maryland,21239
828,Morena,Ortes,7 Elka Road,Waterbury,Connecticut,06705
829,Muriel,Claibourn,095 Ridgeway Crossing,Fort Pierce,Florida,34981
830,Halette,Parell,257 Huxley Avenue,Bronx,New York,10464
831,Shermie,Chesman,143 Kingsford Terrace,Grand Rapids,Michigan,49518
832,Maxy,Storrs,668 Tennyson Center,Birmingham,Alabama,35242
833,Dennet,De Leek,37 Calypso Way,Port Charlotte,Florida,33954
834,Rog,Kunze,4 Lyons Court,Washington,District of Columbia,20073
835,Belvia,Maso,03407 Bowman Crossing,Young America,Minnesota,55551
836,Kristopher,O'Harney,439 Hintze Place,Knoxville,Tennessee,37924
837,Adams,Mayler,3 Di Loreto Trail,Reno,Nevada,89595
838,Van,Cavey,69 Darwin Plaza,Sioux Falls,South Dakota,57193
839,Nara,Benfell,793 Mallard Way,Waterbury,Connecticut,06721
840,Starr,Confort,76 Monterey Alley,North Port,Florida,34290
841,Ferne,McPhate,7 John Wall Way,Fort Smith,Arkansas,72916
842,Abbie,Meadowcroft,4 Prairieview Point,Huntington,West Virginia,25726
843,Faustine,Andersson,7908 Washington Center,Topeka,Kansas,66622
844,Gearalt,Pawelek,65954 David Point,San Diego,California,92145
845,Charla,De Ambrosis,51559 John Wall Avenue,Boynton Beach,Florida,33436
846,Chrysler,Diggell,08837 Rieder Point,Minneapolis,Minnesota,55470
847,Jeth,Dymick,2 Fairview Hill,Saint Paul,Minnesota,55108
848,Travis,Suart,677 Pawling Court,Des Moines,Iowa,50335
849,Penelope,Sidden,77 Clemons Lane,Sarasota,Florida,34238
850,Edeline,Haythornthwaite,4 Sullivan Parkway,Palatine,Illinois,60078
851,Sallie,McGirr,98 Iowa Circle,New York City,New York,10019
852,Lynelle,Slipper,5 Ridgeway Hill,Chicago,Illinois,60691
853,Kristoffer,Keyme,57 Dovetail Hill,Tampa,Florida,33647
854,Hervey,Hanse,5027 Monument Center,Lincoln,Nebraska,68517
855,Auberon,Sympson,4 Holmberg Lane,Miami,Florida,33153
856,Joeann,Sabbatier,8 Corscot Junction,Long Beach,California,90810
857,Devlin,MacLleese,4 Spohn Point,Sparks,Nevada,89436
858,Brien,Brodley,62 Sunbrook Circle,Migrate,Kentucky,41905
859,Matilde,Twinn,797 Di Loreto Junction,Cincinnati,Ohio,45243
860,Brande,Cullinan,5 Clarendon Alley,Philadelphia,Pennsylvania,19146
861,Gerti,Desouza,1 Ridge Oak Plaza,San Francisco,California,94164
862,Mal,Scoggins,66533 Talmadge Way,Atlanta,Georgia,31119
863,Fleming,Curley,6 Anderson Pass,Birmingham,Alabama,35231
864,Addy,Lockitt,2715 Fordem Pass,Athens,Georgia,30605
865,Winonah,Kelson,05367 Stephen Point,Saint Louis,Missouri,63104
866,Willy,Mugglestone,03 Pankratz Drive,Tallahassee,Florida,32309
867,Justin,Van Der Walt,26 Cottonwood Street,Santa Ana,California,92705
868,Kevan,Lumly,491 Steensland Trail,Roanoke,Virginia,24034
869,Adelbert,Cleminson,45299 Starling Drive,Lexington,Kentucky,40591
870,Tomas,Erswell,69037 Porter Junction,New York City,New York,10292
871,Chariot,Aldine,39 Kenwood Circle,Columbia,South Carolina,29215
872,Darren,Wakeford,1464 Farmco Alley,Tulsa,Oklahoma,74184
873,Kissee,Stephens,1997 Basil Court,Cincinnati,Ohio,45254
874,Brig,Smails,40 Ridgeview Parkway,Kansas City,Missouri,64101
875,Donnajean,Tollady,72 Londonderry Trail,Macon,Georgia,31205
876,Francyne,Budgen,158 Goodland Court,Modesto,California,95354
877,Domini,Goligly,16806 Marquette Plaza,Austin,Texas,78703
878,Adelaide,Wheaton,02635 Kropf Way,Shreveport,Louisiana,71115
879,Fee,Stearley,40500 Hermina Trail,Oklahoma City,Oklahoma,73129
880,Ashlen,McConnal,75 Florence Junction,Detroit,Michigan,48242
881,Alfred,Meiner,7 Jana Point,Battle Creek,Michigan,49018
882,Suzy,Wallhead,4486 Anderson Drive,Denver,Colorado,80204
883,Forester,Muddle,2 Superior Alley,Baltimore,Maryland,21275
884,Durant,Skade,658 Hauk Trail,Brooklyn,New York,11205
885,Rianon,Diable,7 Barby Center,Hagerstown,Maryland,21747
886,Benoit,McDonagh,287 Prairieview Point,Maple Plain,Minnesota,55579
887,Brenden,Shelly,07135 Texas Avenue,Lehigh Acres,Florida,33972
888,Norbie,De Minico,41 Eliot Center,Washington,District of Columbia,20580
889,Darsey,Carlson,60597 Mayer Road,Memphis,Tennessee,38188
890,Lucius,Garraway,91 Jay Center,Pinellas Park,Florida,34665
891,Nelly,Robson,2287 Bluestem Junction,Dallas,Texas,75277
892,Cody,Sherwill,2 Dunning Park,Richmond,Virginia,23293
893,Marlene,Christofol,4 Crownhardt Street,Albuquerque,New Mexico,87110
894,Fanchette,Jubb,39 Carioca Road,Washington,District of Columbia,20430
895,Thomasin,Derr,451 Lake View Court,Annapolis,Maryland,21405
896,Ervin,Fettiplace,90736 Green Ridge Pass,Fort Lauderdale,Florida,33336
897,Rawley,Hogsden,343 Norway Maple Trail,Decatur,Georgia,30089
898,Bernadene,Sirey,59 Banding Alley,Denver,Colorado,80299
899,Alexandra,Mardell,98 Dayton Street,Milwaukee,Wisconsin,53215
900,Arny,Landells,2 Continental Park,Chicago,Illinois,60619
901,Fidelio,Downey,0 Manitowish Avenue,Washington,District of Columbia,20503
902,Adan,McMichael,10 Homewood Lane,San Jose,California,95155
903,Norrie,Tankard,74579 Quincy Street,Vero Beach,Florida,32964
904,Ammamaria,Biermatowicz,0322 Browning Hill,Houston,Texas,77040
905,Lily,Kepling,789 Homewood Circle,Lexington,Kentucky,40510
906,Filide,Mantha,08170 Mendota Road,Houston,Texas,77228
907,Lexie,Scapens,0609 Washington Point,Seattle,Washington,98175
908,Bartolomeo,Perren,8 Lunder Center,Fort Lauderdale,Florida,33320
909,Curran,Kefford,0180 Cardinal Place,Fort Smith,Arkansas,72905
910,Rabi,Gerrit,9 Namekagon Terrace,Atlanta,Georgia,31132
911,Caprice,Vial,88 Boyd Terrace,Harrisburg,Pennsylvania,17126
912,Roda,Greenhead,72 North Center,Portsmouth,New Hampshire,03804
913,Alasdair,Longfield,663 Maywood Park,Galveston,Texas,77554
914,Shell,Huriche,790 Jay Parkway,San Francisco,California,94132
915,Estele,Siemons,7834 Truax Hill,Lawrenceville,Georgia,30245
916,Tanny,Tole,8 Roth Center,Reston,Virginia,22096
917,Cloe,Giuron,2 Bunker Hill Alley,Pittsburgh,Pennsylvania,15279
918,Vitoria,Boldra,78 Kim Court,Madison,Wisconsin,53790
919,Judi,Matteo,8 4th Trail,Albuquerque,New Mexico,87140
920,Emmye,Kytter,7 Old Gate Parkway,Honolulu,Hawaii,96840
921,Coriss,Tigner,9 Helena Park,Akron,Ohio,44321
922,Fredra,Drakard,7 Pine View Court,El Paso,Texas,79940
923,Talya,Kidney,7 Grasskamp Plaza,Washington,District of Columbia,20010
924,Lottie,Granville,68 Clyde Gallagher Center,Albuquerque,New Mexico,87190
925,Gill,Dabling,5 Swallow Trail,Columbia,South Carolina,29225
926,Gaston,Vondra,276 Killdeer Pass,Los Angeles,California,90081
927,Reggy,Crabtree,33722 Rieder Alley,Frankfort,Kentucky,40618
928,Colin,Benediktsson,5678 Main Hill,Madison,Wisconsin,53726
929,Eduard,Wimbridge,29 Blackbird Drive,Washington,District of Columbia,20591
930,Sonja,Sidney,526 Scoville Place,Irving,Texas,75037
931,Ivy,Reuther,6361 Arapahoe Lane,Memphis,Tennessee,38188
932,Gipsy,Coultous,44 Westend Street,Grand Rapids,Michigan,49510
933,Barton,Clementel,91622 Stang Park,Houston,Texas,77271
934,Gusty,Giovannardi,27010 American Ash Center,Spokane,Washington,99205
935,Timi,Deakan,2 Cottonwood Trail,Fort Lauderdale,Florida,33325
936,Fin,Sottell,68 Debs Lane,Baton Rouge,Louisiana,70894
937,Constantia,Camerati,3925 Springview Center,Rochester,New York,14604
938,Susann,Dikes,4 Artisan Pass,Las Vegas,Nevada,89160
939,Charlene,Bazell,0 Cambridge Lane,Bloomington,Indiana,47405
940,Corbin,Jarritt,9 Gerald Road,Zephyrhills,Florida,33543
941,Nanine,Veale,63873 Superior Street,Reading,Pennsylvania,19605
942,Kevon,Heinzel,80453 Melody Circle,San Diego,California,92196
943,Iolande,Summersby,25 Sheridan Lane,Scottsdale,Arizona,85260
944,Cassie,Beckitt,5482 Clove Center,Spokane,Washington,99252
945,Clement,Dampier,064 Oriole Way,Nashville,Tennessee,37235
946,Justus,Yalden,93 Sundown Plaza,Washington,District of Columbia,56944
947,Mattias,Baldwin,9966 Mallory Alley,Richmond,Virginia,23293
948,Owen,Orrow,7666 Carpenter Alley,Sterling,Virginia,20167
949,Verile,Swigger,517 Mallory Alley,Pompano Beach,Florida,33064
950,Jasmina,Muino,1 Forest Avenue,Saint Paul,Minnesota,55166
951,Camella,Crack,0103 Twin Pines Way,Stamford,Connecticut,06905
952,Maridel,Hayesman,822 Nancy Way,Long Beach,California,90810
953,Anatol,Errichiello,2932 Rockefeller Drive,Sacramento,California,94273
954,Raimund,Eyre,16524 School Terrace,Amarillo,Texas,79176
955,Colas,Noweak,59100 Messerschmidt Pass,Louisville,Kentucky,40250
956,Hube,Copping,487 Sommers Junction,Canton,Ohio,44760
957,Silva,Thornthwaite,14 Quincy Court,Washington,District of Columbia,20010
958,Candida,Binestead,2523 Graedel Way,Portland,Oregon,97240
959,Dom,Harrill,28799 Burrows Avenue,Minneapolis,Minnesota,55412
960,Dani,Carverhill,01392 Main Alley,Austin,Texas,78732
961,Kalli,Baradel,59366 Aberg Drive,Pueblo,Colorado,81015
962,Wilmer,Gummery,3 American Ash Avenue,Waterbury,Connecticut,06721
963,Reg,Titterton,436 Macpherson Trail,Huntington,West Virginia,25726
964,Hadley,Dibb,9 Rockefeller Street,Wilmington,Delaware,19897
965,Svend,Froom,30798 7th Parkway,Pompano Beach,Florida,33075
966,Worthington,Casson,14147 Bultman Court,New Orleans,Louisiana,70187
967,Leoine,Drejer,58 Randy Way,Sacramento,California,95852
968,Ranique,Eltune,03 Butterfield Trail,Des Moines,Iowa,50315
969,Hali,Treasure,3944 Jackson Trail,Charlotte,North Carolina,28247
970,Tammie,Le Breton,0 Mallory Point,Baton Rouge,Louisiana,70805
971,Erasmus,Gimson,174 Warbler Road,Waterloo,Iowa,50706
972,Charlean,Sheivels,26644 Gateway Junction,Kansas City,Missouri,64142
973,Torrance,Overlow,67 Northfield Trail,Pomona,California,91797
974,Eleni,Spadotto,020 Forest Run Point,Canton,Ohio,44710
975,Tobit,Iacopini,85 Donald Pass,El Paso,Texas,88563
976,Alanah,Espadero,77 Montana Place,Newport News,Virginia,23605
977,Pincus,Ciardo,60430 Mifflin Hill,San Mateo,California,94405
978,Tonnie,Sherbrook,7363 Schurz Junction,College Station,Texas,77844
979,Tamera,Palliser,49911 Maywood Hill,Lansing,Michigan,48956
980,Valeda,Minero,320 Carey Circle,Hartford,Connecticut,06105
981,Marji,Hourston,76 Dapin Way,Kalamazoo,Michigan,49048
982,Jorey,Annett,7185 Oak Plaza,Cleveland,Ohio,44118
983,Russ,Ofer,038 Kings Street,Jackson,Mississippi,39236
984,Whittaker,McLagan,17056 Forster Terrace,Omaha,Nebraska,68117
985,Clementius,Erwin,02 Morningstar Alley,New York City,New York,10203
986,Glenda,Smallsman,719 Pankratz Drive,Rochester,New York,14683
987,Hillary,Gockelen,81 Ridgeway Hill,Erie,Pennsylvania,16522
988,Nadya,Vaen,52895 Northport Street,Charleston,South Carolina,29403
989,Baxie,Trencher,87209 Lyons Way,Garden Grove,California,92844
990,Farrel,Asbrey,51030 Cordelia Street,Dulles,Virginia,20189
991,Dasi,Tolefree,4895 Pankratz Center,Jackson,Mississippi,39282
992,Meghann,Tweddle,78454 Blaine Park,Miami,Florida,33134
993,Othello,Hultberg,353 Anniversary Parkway,Maple Plain,Minnesota,55572
994,Gunter,Sowthcote,2334 Northwestern Court,Atlanta,Georgia,31119
995,Bordy,Duffit,081 Lakeland Hill,Jamaica,New York,11431
996,Mikael,Carsey,25844 Fair Oaks Hill,Colorado Springs,Colorado,80951
997,Libbi,Scorton,31982 Westport Circle,Phoenix,Arizona,85040
998,Madelle,Kull,8 Magdeline Road,Gaithersburg,Maryland,20883
999,Fedora,Juschke,1 Center Parkway,Rochester,New York,14639
1000,Gideon,Youngman,180 Canary Crossing,Cincinnati,Ohio,45213
